{"xmin":-9177790.17992402,"ymin":4247004.919326084,"xmax":-9176869.352598974,"ymax":4247889.916794123,"spatialReference":{"wkid":102100}}