{"xmin":-9177742.273029923,"ymin":4245924.8388531795,"xmax":-9176811.891076345,"ymax":4246844.4718496585,"spatialReference":{"wkid":102100}}