{"xmin":-9168631.984701551,"ymin":4245869.968541217,"xmax":-9167549.92301998,"ymax":4246754.966009256,"spatialReference":{"wkid":102100}}