{"xmin":-9169027.382884186,"ymin":4246009.845206778,"xmax":-9168252.263644297,"ymax":4246870.95610348,"spatialReference":{"wkid":102100}}