{"xmin":-9177940.068159057,"ymin":4247127.636586412,"xmax":-9176991.771276975,"ymax":4247918.28209767,"spatialReference":{"wkid":102100}}