{"xmin":-9176088.12796483,"ymin":4245733.746282486,"xmax":-9175157.746011252,"ymax":4246653.379278965,"spatialReference":{"wkid":102100}}