{"xmin":-9178134.885248136,"ymin":4247170.682126994,"xmax":-9176941.751009848,"ymax":4247902.805538476,"spatialReference":{"wkid":102100}}