{"xmin":-9177787.091726683,"ymin":4246984.733958737,"xmax":-9176593.957488395,"ymax":4247775.379469995,"spatialReference":{"wkid":102100}}