{"xmin":-9177906.524583342,"ymin":4246952.487087439,"xmax":-9176713.390345054,"ymax":4247743.132598697,"spatialReference":{"wkid":102100}}