{"xmin":-9177842.274749316,"ymin":4247390.438583236,"xmax":-9177245.707630038,"ymax":4247785.761338953,"spatialReference":{"wkid":102100}}