{"xmin":-9177931.60548324,"ymin":4247082.071736882,"xmax":-9177138.571314847,"ymax":4247848.830676804,"spatialReference":{"wkid":102100}}